type,name,notice,furigana
燃やすごみ,ICカード,,あ
燃やすごみ,アイスクリームの紙容器,防水加工されているため,あ
燃やさないごみ,アイスピック（木製の柄のものも含む）,先端を新聞紙等で包んでお出しください,あ
燃やさないごみ,アイロン,,あ
燃やすごみ,アイロン台（一辺30センチメートル未満）,安全で簡単に取りはずせる金属部分は取り除いて燃やさないごみへお出しください,あ
燃やすごみ,アイロンプリント用の紙　(布にアイロンで絵柄をつける原紙),,あ
資源,空き缶（飲食料用）,軽くすすいで青色のコンテナへお出しください,あ
資源,空き箱（紙製）,臭い、汚れがついているもの、また、ビニールコーティングや防水加工されているものは燃やすごみへお出しください,あ
資源,空きびん（飲食料用）,軽くすすいで黄色のコンテナへお出しください,あ
燃やすごみ,足ふきマット（一辺30センチメートル未満）,たたんだ状態で一辺が30センチメートル以上は粗大ごみです,あ
燃やさないごみ,アダプター（電源用）,,あ
資源,厚紙,雑がみとしてお出しください,あ
燃やすごみ,圧着はがき　(貼り合わせた状態で届くはがき),,あ
燃やすごみ,油（食用）,布、新聞紙等に吸わせるか、固めてお出しください,あ
燃やさないごみ,油（食用）の缶,中身を残さないでください,あ
燃やさないごみ,油（食用）のびん,中身を残さないでください,あ
燃やすごみ,油紙・油とり紙,,あ
燃やすごみ,油の付着した紙,,あ
燃やさないごみ,油の付着したびん,汚れの取れないびんは資源になりません,あ
燃やすごみ,油（油）のプラボトル,,あ
燃やすごみ,雨具（カッパ）,,あ
燃やすごみ,飴の袋（個包装）,,あ
資源,飴の袋（外袋）,裏側が銀色の袋は燃やすごみへお出しください,あ
燃やさないごみ,アルカリ乾電池,,あ
燃やすごみ,アルバム,安全で簡単に取りはずせる金属部分は取り除いて燃やさないごみへお出しください,あ
資源,アルミ缶,軽くすすいで青色のコンテナへお出しください,あ
燃やさないごみ,アルミホイルの鍋（うどんなど）,,あ
燃やさないごみ,アルミホイル,,あ
燃やさないごみ,アンカ,,あ
燃やさないごみ,安全かみそり,新聞紙等に包んで「キケン」の表示をしてお出しください,あ
燃やさないごみ,安全ピン,新聞紙等に包んで「キケン」の表示をしてお出しください,あ
燃やさないごみ,アンプ（ステレオ）（一辺30センチメートル未満）,,あ
燃やすごみ,板きれ（一辺30センチメートル未満）,釘は必ず抜いてください,い
資源,いちごのパック容器,洗って、内容物が付着している場合は燃やすごみです,い
資源,一升びん,軽くすすいで黄色のコンテナへお出しください,い
燃やさないごみ,一升びんの外ぶた（金属製）,,い
燃やすごみ,一升びんの中せん,,い
燃やさないごみ,一斗缶,中身のないものに限ります,い
燃やすごみ,糸,,い
資源,医薬品（市販薬）のボトル（プラ製）,洗って、内容物が付着している場合は燃やすごみです,い
燃やすごみ,医療廃棄物（在宅）（輸液パック部分）,点滴セットのチューブも燃やすごみです,い
燃やすごみ,衣類,きれいなものは、古着・古布リサイクル回収に出すこともできます,い
資源,衣類の袋（ビニール製でプラマーク有）,クリーニングの袋、保存用の袋は燃やすごみです,い
資源,色紙（いろがみ）,金色・銀色はコーティング紙であるため燃やすごみへお出しください,い
燃やすごみ,印鑑（象牙製・木製・プラスチック製）,金属製等は燃やさないごみへお出しください,い
燃やすごみ,インクカートリッジ（プリンタ）,なるべく販売店の回収ボックスへお出しください,い
燃やすごみ,インクジェット紙,リサイクルが難しい性質であるため,い
燃やすごみ,インクリボン（プリンタ）,,い
資源,飲料容器（ペットボトル）,中をすすいで、つぶして資源回収へお出しください（キャップ、外装ラベル→容リプラ回収）,い
資源,飲料容器（乳飲料のボトル（プラ製））,洗って内容物を取り除いてください（アルミ製ふたは燃やさないごみ）,い
資源,飲料容器（紙パック(内側が白色)）,500ミリリットル以上で内側が白色のものは紙パックとしてお出しください,い
燃やすごみ,飲料容器（紙パック(内側が銀色)）,資源になりません　燃やすごみへお出しください,い
資源,ウイスキーびん,中をすすいで黄色のコンテナへお出しください,う
燃やすごみ,植木の枝,30センチメートル程度に切って束ねます　太さ10センチメートル以上のものは粗大ごみへ,う
燃やすごみ,植木鉢（一辺30センチメートル未満（プラ製））,陶磁器製は燃やさないごみへお出しください,う
燃やすごみ,ウエットティッシュ,水に溶けないためリサイクル不可。燃やすごみへお出しください,う
燃やすごみ,浮き輪（レジャー用）,空気は抜いてください,う
燃やすごみ,うちわ,,う
燃やさないごみ,腕時計,,う
燃やすごみ,裏カーボン紙,特殊加工されているため,う
燃やすごみ,ウレタン枕,,う
燃やすごみ,運動靴,サイズに関係なく燃やすごみです,う
燃やさないごみ,枝きりはさみ（一辺30センチメートル未満）,新聞紙等に包んで「キケン」の表示をしてお出しください,え
燃やすごみ,絵の具,チューブが金属のものは燃やさないごみへお出しください,え
資源,絵本,雑誌として、ひもでしばってお出しください,え
燃やすごみ,MD（ミニディスク）・MOディスク,,え
燃やさないごみ,MDラジカセ（一辺30センチメートル未満）,,え
燃やすごみ,鉛筆（色鉛筆を含む）,,え
燃やさないごみ,鉛筆削り器（電動・手動）,,え
燃やすごみ,鉛筆削り器（携帯用・簡易）,安全で簡単に取りはずせる金属部分は取り除いて燃やさないごみへお出しください,え
燃やさないごみ,延長コード,,え
燃やすごみ,オイル（食用）,必ず固めて出してください,お
燃やさないごみ,オイル缶（食用）,資源になりません　燃やさないごみへお出しください,お
燃やさないごみ,オイルびん（食用）,資源になりません　燃やさないごみへお出しください,お
資源,OA用紙,感熱紙は燃やすごみへお出しください,お
資源,お菓子の箱,ビニール・アルミコーティングされているものは燃やすごみへお出しください。また、紙以外の部分は除去,お
燃やさないごみ,置き時計,一辺30センチメートル以上のものは粗大ごみです,お
燃やすごみ,置物（木製）,一辺30センチメートル以上のものは粗大ごみです,お
燃やさないごみ,置物（金属製）,一辺30センチメートル以上のものは粗大ごみです,お
燃やすごみ,置物（プラスチック製）,一辺30センチメートル以上のものは粗大ごみです,お
燃やさないごみ,おたま（金属製）,プラスチック製は燃やすごみです,お
燃やすごみ,落ち葉,,お
燃やさないごみ,オーディオ機器各種（一辺30センチメートル未満）,,お
燃やさないごみ,オーブントースター,一辺30センチメートル以上のものは粗大ごみです,お
燃やすごみ,お盆（木製）,一辺30センチメートル以上のものは粗大ごみです,お
燃やさないごみ,お盆（金属製）,一辺30センチメートル以上のものは粗大ごみです,お
燃やすごみ,お盆（プラスチック製）,一辺30センチメートル以上のものは粗大ごみです,お
燃やすごみ,おむつ,紙製・布製とも（汚物は取り除いてください）,お
燃やすごみ,おもちゃ（プラスチック製）,電池（電池参照）・モータ等の金属ははずして燃やさないごみへお出しください,お
燃やさないごみ,おもちゃ（金属製）,,お
資源,おもちゃの箱,ビニール・アルミコーティングされているものは燃やすごみへお出しください。また、紙以外の部分は除去,お
資源,折り紙,金色・銀色などのコーティング紙は燃やすごみへお出しください,お
資源,折り込みチラシ,新聞の折り込みチラシは、新聞と一緒に出せます,お
燃やさないごみ,折りたたみ傘,,お
燃やさないごみ,温度計,,お
燃やすごみ,カーテン,金属製のフックは取り外してくださいきれいなものは、古着・古布リサイクル回収に出すこともできます,か
燃やすごみ,カード類（金属製以外）,プリペイドカード等を含みます,か
燃やすごみ,カーボン紙,特殊加工されているため,か
燃やすごみ,貝殻,,か
燃やさないごみ,懐中電灯（金属製・プラ製）,,か
燃やさないごみ,カイロ（使い捨て）,,か
燃やすごみ,化学ぞうきん,,か
燃やさないごみ,鏡・姿見（一辺30センチメートル未満）,割れたものは新聞等に包んで「キケン」の表示をしてお出しください,か
燃やすごみ,カキ氷機（プラ製）（一辺30センチメートル未満（プラ製））,安全で簡単に取りはずせる金属部分は取り除いて燃やさないごみへお出しください,か
燃やさないごみ,額縁（金属製）,一辺30センチメートル以上のものは粗大ごみです,か
燃やすごみ,額縁（プラ製・木製）,一辺30センチメートル以上のものは粗大ごみです,か
燃やさないごみ,傘,,か
燃やさないごみ,加湿器（一辺30センチメートル未満）,,か
資源,菓子箱の中仕切り（プラ製）,洗って、内容物が付着している場合は燃やすごみです,か
資源,菓子の箱（金属製）,,か
資源,菓子の箱（紙製）,開いて雑誌と一緒にひもでしばってお出しください,か
燃やすごみ,菓子の袋（プラ製）（内袋）,,か
資源,菓子の袋（プラ製）（外袋）,裏側が銀色の袋は燃やすごみへお出しください,か
燃やさないごみ,カセットコンロ,カセットボンベは必ずはずしてください,か
燃やすごみ,カセットテープ,ケースも燃やすごみへお出しください（容器包装ではありません）　ビデオテープ、CD、DVDなども同様です,か
燃やさないごみ,カセットボンベ,必ず最後まで使い切ってからお出しください,か
資源,カタログ類,雑がみとしてお出しください,か
燃やすごみ,活性炭,,か
燃やすごみ,ガット（テニス・バドミントンラケットの糸）,,か
燃やすごみ,カッパ（雨具）,,か
燃やすごみ,カップめん（容器（紙製））,防水加工されているため,か
資源,カップめん（容器（プラ製））,洗って、内容物が付着している場合は燃やすごみです,か
資源,カップめん（外装フィルム）,,か
燃やすごみ,カップめん（つゆ、かやくの袋）,,か
燃やすごみ,カップめん（ふた）,アルミ箔でコーティングされているため,か
燃やすごみ,かつら,,か
燃やさないごみ,かなづち,,か
燃やすごみ,かばん（一辺30センチメートル未満）,布製・革製・ビニール製等になります,か
燃やすごみ,かばんの詰め物用の紙,特殊なインクを使っているため,か
燃やさないごみ,画鋲（プラ付）,新聞紙等に包んで「キケン」の表示をしてお出しください,か
燃やさないごみ,花瓶（陶器、ガラス）（一辺30センチメートル未満）,,か
燃やすごみ,紙おむつ,汚物は取り除いてください,か
燃やすごみ,紙くず,,か
燃やすごみ,紙コップ,防水加工されているため,か
燃やすごみ,紙皿,防水加工されているため,か
燃やさないごみ,カミソリ刃,新聞紙等に包んで「キケン」の表示をしてお出しください,か
燃やすごみ,髪の毛,理・美容院は処理業者へ依頼、または事業系シールを貼付して出してください,か
資源,紙パック（牛乳）,500ミリリットル以上で内側が白色のものは紙パックとしてお出しください,か
燃やすごみ,紙パック（酒）,500ミリリットル以上で内側が白いものは資源（紙パック）としてお出しください,か
燃やすごみ,ガムテープ（紙製）,粘着物が全体に付着しているため,か
燃やすごみ,ガムテープ（ビニール製）,,か
燃やさないごみ,カメラ,,か
燃やすごみ,からしのチューブ,構造上汚れが取りにくいため燃やすごみへお出しください,か
燃やさないごみ,ガラス製品（食器・コップ等）,割れたものは新聞等に包んで「キケン」の表示をしてお出しください,か
資源,ガラス製品（酒類のびん）,軽くすすいで黄色のコンテナへお出しください,か
資源,ガラス製品（飲食品等のびん）,軽くすすいで黄色のコンテナへお出しください,か
燃やさないごみ,ガラス製品（割れたびん）,新聞紙等に包んで「キケン」の表示をしてお出しください,か
資源,カレンダー,金具は取りはずして燃やさないごみへお出しください,か
燃やすごみ,革靴,サイズに関係なく燃やすごみです,か
燃やすごみ,革製品（一辺30センチメートル未満）,,か
資源,缶（飲料缶（アルミ缶））,軽くすすいで青色のコンテナへ入れてください,か
資源,缶（飲料缶(スチール缶)）,油などで汚れたもの、錆びたもは燃やさないごみへお出しください,か
資源,缶（菓子・お茶の缶）,,か
資源,缶（缶詰の缶）,,か
燃やさないごみ,乾燥機（布団用）,一辺30センチメートル以上のものは粗大ごみです,か
燃やすごみ,乾燥剤,,か
燃やさないごみ,乾電池（水銀ゼロ使用）,,か
燃やすごみ,感熱紙,特殊加工されているため,き
燃やすごみ,木くず、木の枝,長さ30センチメートル程度に切り、直径30センチメートル以内に束ねて出してください　直径(1本で)10センチメートル以上は粗大ごみへお出しください,き
燃やさないごみ,キーボード（パソコン）（一辺30センチメートル未満）,パソコン本体と一緒に出すときは、パソコンリサイクルで引き取ります,き
燃やさないごみ,キーホルダー（金属製）,,き
燃やすごみ,木づち,,き
燃やさないごみ,キッチンタイマー,,き
燃やすごみ,キッチンペーパー,水に溶けないため,き
資源,牛乳パック,軽くすすぎ、ひろげたものを束ねて資源回収へお出しください,き
資源,牛乳びん,軽くすすいで黄色のコンテナへお出しください,き
燃やすごみ,牛乳びんのふた,防水加工されているため,き
燃やさないごみ,キャップ（金属製）,,き
資源,キャップ（プラスチック製）,洗って内容物を取り除いてください,き
燃やすごみ,救急ばんそうこう,,き
燃やすごみ,給油ポンプ,電池は「電池」参照。モータ等ははずして燃やさないごみへお出しください,き
資源,教科書,雑誌と一緒にひもでしばって出してください,き
燃やすごみ,金色・銀色の紙,資源になりません　燃やすごみへお出しください,き
燃やさないごみ,金庫（手さげ）,一辺30センチメートル以上のものは粗大ごみへお出しください,き
燃やさないごみ,くぎ,新聞紙等に包んで「キケン」の表示をしてお出しください,く
燃やすごみ,草花,,く
燃やさないごみ,鎖（くさり）,,く
燃やすごみ,鎖（くさり）（プラスチック製）,長いものは解けないようにしばってください,く
燃やすごみ,串（くし）（金属製は除く）,新聞紙等に包んで「キケン」の表示をしてお出しください,く
燃やすごみ,櫛（くし）（プラスチック製）,,く
燃やすごみ,薬（家庭用）,業務用の薬品は専門業者に依頼してください,く
燃やすごみ,薬の錠剤シート,裏側にアルミ素材があるため、プラマークがあっても燃やすごみへお出しください,く
燃やすごみ,薬のチューブ,チューブが金属製のものは燃やさないごみへお出しください,く
資源,薬のプラボトル（消毒薬・ビタミン剤等）,洗って、内容物が付着している場合は燃やすごみです,く
燃やさないごみ,薬びん（家庭用）,,く
燃やすごみ,果物の皮,,く
資源,果物の保護材（もも等のネット）,プラスチック製は容リプラ回収へお出しください,く
燃やすごみ,靴（革靴・スニーカー）,サイズに関係なく燃やすごみです,く
燃やすごみ,靴下,きれいなものは、古着・古布リサイクル回収に出すこともできます,く
燃やすごみ,クッキングシート,水に溶けにくいため,く
燃やすごみ,クッション（一辺30センチメートル未満）,,く
燃やすごみ,靴の詰め物用の紙,特殊なインクを使っているため,く
資源,靴の箱,雑がみとしてお出しください,く
資源,化粧箱,雑がみとしてお出しください,く
燃やさないごみ,グラス（ガラス製）,新聞紙等に包んで「キケン」の表示をしてお出しください,く
燃やすごみ,クリアファイル,,く
燃やすごみ,クリーニング（Ｙシャツ等）の袋,クリーニング品を被う透明袋は容器包装ではありません,く
燃やすごみ,クーラーＢＯＸ（一辺30センチメートル未満）,,く
燃やすごみ,クレヨン,,く
燃やすごみ,クレジットカード,,く
燃やすごみ,グローブ（スポーツ用）,,け
燃やすごみ,軍手（ゴム・布）,,け
燃やさないごみ,蛍光管,ケースに入れて出してください,け
燃やさないごみ,携帯電話,原則的に販売店へお返しください,け
燃やすごみ,毛糸,,け
燃やすごみ,計量カップ（プラ製）,金属製は燃やさないごみへお出しください,け
燃やすごみ,消しゴム,,け
燃やすごみ,化粧箱（一辺30センチメートル未満）,,け
燃やさないごみ,化粧品のびん,資源回収へは飲食料用のびんをお出しください,け
資源,化粧品のボトル（プラ製）,洗って、内容物が付着している場合は燃やすごみです,け
燃やすごみ,下駄,,け
燃やすごみ,ケチャップのチューブ容器,構造上汚れが取りにくいため燃やすごみへお出しください,け
燃やすごみ,玄関マット（たたんだ状態で一辺30センチメートル未満）,,け
燃やさないごみ,ゲーム機（ファミコン等）,,け
燃やすごみ,ゲームソフト,,け
資源,広告紙（チラシ）,新聞の折り込みチラシは、新聞と一緒に出せます,こ
燃やすごみ,氷まくら,,こ
燃やすごみ,ゴーグル,,こ
資源,コースター（紙製）,汚れているものは燃やすごみへお出しください,こ
燃やすごみ,コーヒーフィルター,水に溶けないため,こ
資源,コーヒー用ミルクのパック,洗って、内容物が付着している場合は燃やすごみです（ふた等裏側が銀色のものは燃やすごみ）,こ
燃やすごみ,合成紙,プラスチックが含まれているため,こ
燃やすごみ,小切手,特殊加工されているため,こ
燃やすごみ,コップ（プラスチック製）,ガラス製は燃やさないごみへお出しください,こ
資源,コピー用紙,個人情報はできるだけ除去,こ
燃やすごみ,ごみ箱（一辺30センチメートル未満（プラ製・木製））,金属製は燃やさないごみへお出しください,こ
燃やすごみ,ゴム手袋,,こ
燃やすごみ,ゴムホース（チューブ）,,こ
燃やさないごみ,コンロ（卓上カセット式）,ボンベははずして燃やさないごみへお出しください。電池は「電池」参照,こ
燃やすごみ,コルク栓,,こ
燃やすごみ,ゴルフボール,多量の場合は分けてお出しください,こ
燃やさないごみ,コンセントプラグ,,こ
燃やすごみ,コンタクトレンズ,,こ
燃やすごみ,梱包ひも（ビニール）,解けないよう束ねるか、短く裁断してお出しください,こ
燃やすごみ,財布,,さ
燃やすごみ,サインペン（プラスチック製）,,さ
燃やすごみ,作業服,きれいなものは、古着・古布リサイクル回収に出すこともできます（ただし、会社の作業服やユニフォームは回収できません）,さ
燃やすごみ,酒パック,500ミリリットル以上で内側が白色のものは資源（紙パック）として出してください,さ
資源,酒びん,軽くすすいで黄色のコンテナへお出しください,さ
資源,雑誌,,さ
資源,雑誌,ひもで束ねてお出しください,さ
燃やさないごみ,皿,新聞紙等に包んで「キケン」の表示をしてお出しください,さ
燃やすごみ,皿（プラスチック製）,,さ
燃やすごみ,サラダ油のボトル（プラスチック製）,一般的に油は取れにくいため,さ
燃やすごみ,ざる（プラスチック製）,金属製は燃やさないごみへお出しください,さ
燃やすごみ,サンダル,サイズに関係なく燃やすごみです,さ
燃やすごみ,残飯,生ごみは水をきってからお出しください,さ
燃やすごみ,シーツ（敷布）,きれいなものは、古着・古布リサイクル回収に出すこともできます,し
燃やすごみ,CD（LD・DVD）,カセットテープなども同様です,し
燃やすごみ,CDケース,容器包装ではありません,し
燃やさないごみ,CDプレーヤー（一辺30センチメートル未満）,,し
燃やさないごみ,CDラジカセ（一辺30センチメートル未満）,,し
燃やすごみ,シール,粘着物が全体に付着しているため,し
燃やすごみ,シールの台紙,プラスチックが含まれているため,し
燃やすごみ,ジーンズ,きれいなものは、古着・古布リサイクル回収に出すこともできます,し
資源,辞書・辞典,雑誌と一緒にひもでしばって出してください,し
燃やすごみ,色紙（しきし）,金・銀が入っているため,し
燃やすごみ,下着類,きれいなものは、古着・古布リサイクル回収に出すこともできます,し
燃やすごみ,下敷き（文具）,,し
燃やすごみ,シップ薬,,し
燃やさないごみ,自転車空気入れ（ポンプ）,30センチメートル以上でも粗大ごみ扱いではありませんプラスチック製は燃やすごみへお出しください,し
燃やすごみ,自転車タイヤ（チューブ）,なるべく短く裁断してください,し
燃やすごみ,写真,リサイクルの際に他の紙とうまく混ざらないため,し
燃やすごみ,写真フィルム（ネガ）,,し
燃やすごみ,写真プリント用紙,リサイクルの際に他の紙とうまく混ざらないため,し
燃やすごみ,しゃもじ（プラスチック製）,,し
燃やすごみ,シャープペンシル,金属製のものは燃やさないごみへお出しください,し
燃やすごみ,シャンプー詰替え用袋,,し
資源,シャンプー容器,洗って、内容物が付着している場合は燃やすごみです,し
資源,週刊誌,雑誌として出してください,し
燃やさないごみ,ジューサー・ミキサー,一辺30センチメートル以上のものは粗大ごみです,し
資源,ジュースのびん,軽くすすいで黄色のコンテナへお出しください,し
資源,ジュースのふた（プラスチック製）,洗って、内容物が付着している場合は燃やすごみです,し
燃やさないごみ,ジュースのふた（金属製）,,し
燃やすごみ,祝儀袋,水に溶けにくいため,し
燃やさないごみ,充電器（携帯電話用）,,し
燃やすごみ,シュレッダー屑,,し
燃やすごみ,定規（プラスチック製・木製）,金属製は燃やさないごみへお出しください,し
燃やすごみ,昇華転写紙（靴やかばんに詰められている紙）,特殊なインクを使っているため,し
燃やすごみ,将棋の駒,,し
燃やすごみ,将棋板（一辺30センチメートル未満）,金属製は燃やさないごみへお出しください,し
燃やすごみ,食用油,紙や布に染み込ませるか、固めてお出しください,し
資源,書籍,雑誌としてお出しください,し
資源,書類,個人情報はできるだけ除去,し
燃やすごみ,障子の張り紙（ふすま紙）,水に溶けにくいため,し
燃やすごみ,浄水器（一辺30センチメートル未満）,,し
燃やさないごみ,照明器具,一辺30センチメートル以上のものは粗大ごみです,し
資源,醤油のペットボトル,洗ってつぶしてペットボトル回収へお出しください,し
燃やすごみ,じょうろ（プラスチック製）,金属製は燃やさないごみへお出しください,し
資源,食品トレイ（色・柄物も含む）,洗って、内容物が付着している場合は燃やすごみです,し
燃やすごみ,食用油（サラダ油など）,紙や布に染み込ませるか、固めてお出しください,し
燃やすごみ,除湿剤,,し
資源,除湿剤の容器,洗って、内容物が付着している場合は燃やすごみです,し
燃やさないごみ,食器類（ガラス・陶器）,新聞紙等に包んで「キケン」の表示をしてお出しください,し
燃やすごみ,親展ハガキ,粘着物が全体に付着しているため,し
資源,新聞紙,しっかりとひもで束ねて出してください,す
燃やすごみ,吸殻（たばこ）,,す
燃やさないごみ,水槽（ガラス製）（一辺30センチメートル未満）,プラスチック製は燃やすごみへお出しください,す
燃やさないごみ,水筒（金属）,プラスチック製は燃やすごみへお出しください,す
燃やさないごみ,炊飯器（一辺30センチメートル未満）,,す
燃やすごみ,スキーウェア,,す
燃やすごみ,スキー靴（一辺30センチメートル未満）,,す
燃やさないごみ,スケート靴,一辺30センチメートル以上のものは粗大ごみです,す
燃やさないごみ,すずり,,す
資源,スチール缶,軽くすすいで青色のコンテナへお出しください,す
燃やすごみ,ステッカー・ワッペン,,す
燃やすごみ,ストッキング,きれいなものは、古着・古布リサイクル回収に出すこともできます,す
燃やすごみ,ストロー,,す
燃やすごみ,スナック菓子の袋（内袋）,,す
資源,スナック菓子の袋（外袋）,裏側が銀色のものは、燃やすごみです,す
燃やすごみ,スニーカー,サイズに関係なく燃やすごみです,す
燃やすごみ,スパイク,サイズに関係なく燃やすごみです安全で簡単に取りはずせる金属部分は取り除いて燃やすごみへお出しください,す
燃やさないごみ,スパナ,,す
燃やさないごみ,スピーカー（一辺30センチメートル未満）,,す
燃やすごみ,スプーン（プラ製及び木製）,金属製は燃やさないごみへお出しください,す
燃やさないごみ,スプレー缶,必ず最後まで使い切ってから出してください,す
資源,スプレー缶のふた（プラ製）,洗って、内容物が付着している場合は燃やすごみです,す
燃やすごみ,スポンジ,,す
燃やすごみ,スリッパ,,せ
燃やすごみ,生花,,せ
燃やすごみ,制服・セーター,きれいなものは、古着・古布リサイクル回収に出すこともできます,せ
燃やすごみ,生理用品,,せ
燃やすごみ,せっけんの外箱,臭いがついているため,せ
燃やすごみ,せっけんの包み紙,臭いがついているため,せ
燃やさないごみ,瀬戸物,,せ
資源,ゼリー・プリンの容器（プラ製）,洗って、内容物が付着している場合は燃やすごみです,せ
燃やすごみ,セロハンテープ,,せ
燃やすごみ,洗顔料のチューブ容器,構造上汚れが取りにくいため、燃やすごみへお出しください,せ
燃やすごみ,線香の外箱,臭いがついているため,せ
燃やすごみ,洗剤が入っていた箱（）,臭いがついているため,せ
資源,洗剤のボトル,洗って、内容物が付着している場合は燃やすごみです,せ
燃やすごみ,洗濯洗剤用の計量カップ（プラ製）,,せ
燃やすごみ,洗濯ばさみ,,せ
燃やすごみ,洗濯ハンガー（枠がプラ製）,,せ
燃やさないごみ,洗濯ハンガー（枠が金属製）,,せ
燃やさないごみ,扇風機（一辺30センチメートル未満）,クリップタイプなど,せ
燃やすごみ,洗面器（プラ製）（一辺30センチメートル未満）,金属製は燃やさないごみです,せ
燃やさないごみ,双眼鏡（ガラス製レンズ）,本体とレンズがプラスチック製は燃やすごみへお出しください,そ
燃やすごみ,造花,,そ
燃やすごみ,雑巾,,そ
燃やさないごみ,掃除機（一辺30センチメートル未満）,ハンディタイプのもの,そ
資源,ソースの容器（プラスチック製）,洗って、内容物が付着している場合は燃やすごみです,そ
燃やすごみ,体温計（プラ製で水銀不使用のもの）,水銀体温計は燃やさないごみへお出しください,た
資源,台紙,雑がみとしてお出しください,た
燃やさないごみ,体重計,家庭用に限ります,た
燃やさないごみ,耐熱ガラス製品（一辺30センチメートル未満）,資源回収には出せません,た
燃やすごみ,タイヤチェーン（金属製以外）,ケースを含めると粗大ごみになります,た
資源,ダイレクトメール,包装のビニールは除去,た
燃やさないごみ,タイル,建築物除去に伴い生じたものは除きます,た
燃やすごみ,ダウンジャケット,きれいなものは、古着・古布リサイクル回収に出すこともできます,た
燃やすごみ,タオル,きれいなものは、古着・古布リサイクル回収に出すこともできます,た
燃やさないごみ,卓上コンロ,一辺30センチメートル以上のものは粗大ごみです,た
資源,タグ,ビニールコーティングしているものは燃やすごみへお出しください,た
燃やすごみ,宅配便の複写伝票（）,特殊加工されているため,た
燃やすごみ,タッパー（商品名）,,た
燃やすごみ,脱臭剤,,た
資源,タバコ・菓子等の外フィルム,,た
燃やすごみ,タバコの吸殻,,た
資源,タバコの空き箱,銀紙、臭いのついているものは燃やすごみ,た
燃やすごみ,たまごの殻,,た
資源,たまごパック（紙製）,雑がみとしてお出しください,た
資源,たまごパック（プラスチック製）,,た
資源,たまねぎを入れたネット袋,,た
燃やすごみ,たわし（金属製以外）,金属製は燃やさないごみへお出しください,た
資源,単行本,雑誌としてお出しください,た
資源,ダンボール,ひもで束ねて出してください,た
燃やすごみ,地球儀,一辺30センチメートル以上のものは粗大ごみです,ち
燃やすごみ,茶殻,,ち
資源,茶筒缶（金属製）,プラスチック製・木製は燃やすごみへお出しください,ち
燃やさないごみ,茶碗（陶器製）,,ち
燃やすごみ,茶碗（プラスチック製）,,ち
燃やすごみ,チューブ容器（（ケチャップ、マヨネーズ、練りわさび、歯磨きなど））,一般的に、構造上内容物が取りにくいため燃やすごみにお出しください,ち
資源,チラシ（広告紙）,新聞の折り込みチラシは新聞と一緒に、投げ込みチラシは雑がみとしてお出しください,ち
燃やすごみ,ちり紙,,ち
燃やすごみ,ちりとり（プラスチック製）,金属製は燃やさないごみへお出しください,ち
燃やさないごみ,使い捨てカイロ,,つ
燃やさないごみ,使い捨てライター,必ず最後まで使い切ってください,つ
燃やすごみ,つまようじ,危険のないようにお出しください,つ
燃やすごみ,詰め替え用シャンプー、洗剤の袋,,つ
燃やさないごみ,爪切り,,つ
燃やすごみ,詰め物用の紙（靴やカバンの中に使用されているもの）,特殊なインクを使っているため,つ
燃やすごみ,釣り糸,,つ
燃やさないごみ,釣り針,ケース等に入れてお出しください,つ
燃やすごみ,テーブルクロス（ビニール製）,,て
燃やすごみ,ティッシュペーパー,水に溶けにくいため。（未使用でも不可）,て
資源,ティッシュペーパーの箱,取り出し口のビニールははずしてください雑誌と一緒にお出しください,て
資源,テープ類の芯,雑がみとしてお出しください,て
燃やさないごみ,手桶（金属）,,て
燃やすごみ,手桶（プラ・木製）,,て
資源,手帳,個人情報はできるだけ除去。また紙以外の部分は除去,て
燃やさないごみ,鉄板（一辺30センチメートル未満）,,て
燃やすごみ,テニスボール,多量の場合は分けてお出しください,て
燃やすごみ,テニスラケット（一辺30センチメートル未満）,金属製のものは燃やさないごみへお出しください,て
燃やすごみ,手袋（革、ゴム）,,て
燃やすごみ,テレホンカード,,て
燃やさないごみ,テレビアンテナ（室内用）,,て
燃やさないごみ,テレビアンテナ（パラボラ）,一辺30センチメートル以上のものは粗大ごみです,て
燃やさないごみ,テレビのリモコン,,て
燃やすごみ,点字用紙　(感熱性発泡紙),特殊加工されているため,て
燃やさないごみ,電気アンカ,,て
燃やさないごみ,電気カミソリ,,て
燃やさないごみ,電気コード,束ねて燃やさないごみへお出しください,て
燃やさないごみ,電気スタンド（一辺30センチメートル未満）,,て
燃やさないごみ,電気ストーブ,一辺30センチメートル以上のものは粗大ごみです,て
燃やさないごみ,電気鍋,一辺30センチメートル以上のものは粗大ごみです,て
燃やさないごみ,電気ポット,一辺30センチメートル以上のものは粗大ごみです,て
燃やさないごみ,電球,ケースまたは新聞紙等に包んで出してください,て
燃やさないごみ,電卓,,て
燃やさないごみ,電池（水銀ゼロ使用）,,て
燃やさないごみ,電動ドライバー,,て
燃やさないごみ,電動のこぎり（一辺30センチメートル未満）,家庭用に限ります,て
燃やさないごみ,電話機,,て
燃やさないごみ,電話機（ＦＡX付）（一辺30センチメートル未満）,,て
資源,電話帳,雑誌と一緒にしばってお出しください,て
燃やさないごみ,砥石（といし）,,と
燃やすごみ,トイレットペーパー,,と
資源,トイレットペーパーの芯,雑がみとしてお出しください,と
燃やすごみ,トイレブラシ,,と
燃やさないごみ,陶磁器,,と
資源,豆腐の容器,洗って、内容物が付着している場合は燃やすごみです,と
燃やさないごみ,灯油用等のポリタンク（一辺30センチメートル未満）,,と
燃やさないごみ,トースター,30センチメートル以上のもの（オーブントースターを含む）は粗大ごみです,と
燃やさないごみ,時計（一辺30センチメートル未満）,,と
燃やさないごみ,土鍋,,と
燃やさないごみ,ドライバー,先端を新聞紙等で包んでお出しください,と
燃やさないごみ,ドライヤー（家庭用）,,と
資源,トランプ,プラスチック製のものは燃やすごみへお出しください,と
資源,トレイ（食品用）,洗って、内容物が付着している場合は燃やすごみです,と
資源,ドレッシングの容器（プラ製）,洗って、内容物が付着している場合は燃やすごみです,と
燃やすごみ,トレーシングペーパー,特殊加工されているため,と
燃やさないごみ,ナイフ類,新聞紙等に包んで「キケン」の表示をしてお出しください,な
燃やすごみ,長靴,,な
資源,投げ込みチラシ,雑がみとしてお出しください,な
燃やすごみ,捺染紙(なっせんし。アイロンプリントシート、昇華転写紙),特殊なインクを使っているため,な
資源,納豆（容器）,洗って、内容物が付着している場合は燃やすごみです,な
資源,納豆（外装フィルム）,,な
燃やすごみ,納豆（中シート）,,な
燃やすごみ,ナプキン（生理用品）,,な
燃やさないごみ,鍋（一辺30センチメートル未満）,,な
燃やさないごみ,鍋焼きうどん等のアルミ容器,,な
燃やすごみ,生ごみ,必ず水気を切ってから出してください,な
燃やすごみ,臭いの付いた紙,リサイクル品に支障がでるため,に
資源,乳酸菌飲料の容器（プラ製）,洗って、内容物が付着している場合は燃やすごみですふた等裏側が銀色のものは燃やすごみにお出しください,に
燃やすごみ,人形（一辺30センチメートル未満）,,に
燃やすごみ,ぬいぐるみ（身丈30センチメートル未満）,,ぬ
燃やさないごみ,縫い針,刺さらないようにケース等に入れて出してください,ぬ
燃やすごみ,布類,きれいなものは、古着・古布リサイクル回収に出すこともできます,ぬ
燃やすごみ,ネガフィルム,,ね
燃やすごみ,ネクタイ,きれいなものは、古着・古布リサイクル回収に出すこともできます,ね
燃やさないごみ,ネジ,,ね
資源,値札,シールが張られていたり、ビニールコーティングされているものは燃やすごみへお出しください,ね
燃やすごみ,寝袋（一辺30センチメートル未満）,たたんだときの大きさです,ね
資源,ネット袋（果物等）,,ね
燃やすごみ,練りわさびのチューブ容器,構造上汚れが取りにくいため、燃やすごみへお出しください,ね
資源,年賀状,個人情報はできるだけ除去。防水加工されているものや写真印刷用・インクジェット紙は燃やすごみへお出しください,ね
燃やすごみ,粘土（紙粘土）,,ね
燃やすごみ,粘土（油粘土）,,ね
燃やすごみ,ノンカーボン紙,資源になりません,の
燃やさないごみ,のこぎり（手引き）,,の
燃やさないごみ,のこぎり（電動）（一辺30センチメートル未満）,家庭用に限ります,の
資源,ノート,雑がみとしてお出しください。個人情報はできるだけ除去,の
資源,海苔の缶,,の
燃やさないごみ,灰皿（卓上用）,,は
資源,バインダー（紙製）,金具部分ははずして燃やさないごみへお出しください,は
燃やすごみ,バインダー（プラスチック製）,金具部分ははずして燃やさないごみへお出しください,は
資源,ハガキ,個人情報はできるだけ除去。防水加工されているものや写真印刷用，圧着ハガキは燃やすごみへお出しください,は
燃やさないごみ,白熱灯,ケース・新聞紙等に包んで「キケン」の表示をしてお出しください,は
燃やすごみ,バケツ(プラスチック製)（一辺30センチメートル未満）,金属製は燃やさないごみへお出しください,は
資源,箱,臭い、汚れがついているもの、また、ビニールコーティングや防水加工されているものは燃やすごみへお出しください,は
燃やさないごみ,はさみ,ケース・新聞紙等に包んで「キケン」の表示をしてお出しください,は
燃やすごみ,箸,,は
資源,バターの容器,洗って、内容物が付着している場合は燃やすごみです,は
燃やさないごみ,鉢（一辺30センチメートル未満）,プラスチック製は燃やすごみへお出しください（土を取り除く）,は
燃やすごみ,バッグ（革）,,は
燃やすごみ,バッグ（布）,きれいなものは、古着・古布リサイクル回収に出すこともできます,は
資源,発泡スチロール（緩衝材）,洗って、内容物が付着している場合は燃やすごみです,は
燃やさないごみ,バット（金属製）（一辺30センチメートル未満）,,は
燃やすごみ,バット（木製）（一辺30センチメートル未満）,,は
燃やすごみ,花火,必ず水に浸してから出してください（少量のもの）,は
燃やすごみ,歯ブラシ,,は
燃やすごみ,歯磨き粉のチューブ容器,構造上汚れが取りにくいため、燃やすごみへお出しください,は
燃やさないごみ,刃物,ケース・新聞紙等に包んで「キケン」の表示をしてお出しください,は
燃やさないごみ,針,刺さらないようにケース等に入れて出してください,は
燃やさないごみ,針金,,は
燃やさないごみ,ハンガー（針金）,多い場合は束ねて出してください,は
燃やすごみ,ハンガー（木製・プラスチック製）,,は
燃やすごみ,はんこ（象牙製・木製・プラスチック製）,金属製等は燃やさないごみへお出しください,は
資源,半紙(未使用),雑がみとしてお出しください,は
燃やすごみ,半紙(使用済み),汚れているため,は
燃やすごみ,ばんそうこう,,は
燃やすごみ,ハンドバッグ,,は
資源,パンフレット類,雑がみとしてお出しください,は
資源,ビールびん,軽くすすいで黄色のコンテナへお出しください,ひ
資源,ビールマルチパック(6缶入り),雑がみとしてお出しください,ひ
燃やすごみ,ピザの宅配用の箱,汚れ・臭いがついているため,ひ
燃やさないごみ,ビデオカメラ,,ひ
燃やすごみ,ビデオテープ,ケースも燃やすごみへお出しください（容器包装ではありません）カセットテープ、CD、DVDなども同様です,ひ
燃やさないごみ,ビデオデッキ,一辺30センチメートル以上のものは粗大ごみです,ひ
燃やさないごみ,ビニール傘,30センチメートル以上でも粗大ごみ扱いではありません,ひ
燃やすごみ,ビニールコート紙,,ひ
燃やすごみ,ビニールシート,たたんだ状態で一辺30センチメートル以上の場合は粗大ごみです,ひ
燃やすごみ,ビニールひも,30センチメートル未満に切るか、束ねてお出しください,ひ
燃やすごみ,ビニール袋（商品として購入した袋）,,ひ
燃やすごみ,ビニールテープ（粘着テープ）,,ひ
燃やすごみ,ビニールホース,30センチメートル未満に切るか、束ねてお出しください,ひ
資源,百科事典,雑誌と一緒にお出しください,ひ
資源,漂白剤の容器,洗って、内容物が付着している場合は燃やすごみです,ひ
燃やさないごみ,びん（化粧品用）,,ひ
資源,びん（食品・飲料用）,油のびんは燃やさないごみへお出しください,ひ
燃やさないごみ,びんのふた（金属製）,ジャム、なめこ等,ひ
資源,びんのふた（プラ製）,インスタントコーヒーなど,ひ
資源,便箋,個人情報はできるだけ除去,ひ
資源,ファイル(紙製),金具は燃やさないごみへ、プラスチックの部分は燃やすごみへお出しください,ふ
燃やさないごみ,ファクシミリ（家庭用）,一辺30センチメートル以上のものは粗大ごみです,ふ
燃やすごみ,ファックス用紙,特殊加工されているため,ふ
燃やさないごみ,ファミコン（ゲーム機）,,ふ
燃やすごみ,ファミコンソフト（ゲームソフト）,,ふ
燃やすごみ,風船,,ふ
資源,封筒,雑がみとしてお出しください（窓付き封筒はビニールの窓をはがしてください。はがしたビニールの窓は燃やすごみにお出しください）,ふ
燃やさないごみ,フォーク（金属製）,,ふ
燃やすごみ,フォーク（プラ製）,,ふ
燃やすごみ,服,皮革製品は燃やすごみへお出しくださいきれいなものは、古着・古布リサイクル回収に出すこともできます,ふ
燃やすごみ,複写伝票,特殊加工されているため,ふ
燃やすごみ,ふすま紙,水に溶けにくいため,ふ
資源,ふせん,粘着部分を除去すれば可,ふ
燃やすごみ,フック（プラスチック製）,土台が金属製のものは燃やさないごみへお出しください,ふ
燃やすごみ,布団カバー,きれいなものは、古着・古布リサイクル回収に出すこともできます,ふ
燃やすごみ,布団ばさみ,,ふ
燃やさないごみ,フライパン,,ふ
資源,プラスチックトレイ（容器包装）,洗って、内容物が付着している場合は燃やすごみです,ふ
燃やすごみ,プラスチックトレイ（お盆等の製品）,,ふ
燃やすごみ,プラスチックフィルムがはり合わされた紙,コーティングされているため,ふ
燃やすごみ,プラモデル,モーター等の金属は取り除いて燃やさないごみへお出しください,ふ
資源,フラットファイル(紙製),金具の部分は燃やさないごみ、プラスチックの部分は燃やすごみへお出しください,ふ
燃やすごみ,プランター（プラスチック製）,一辺30センチメートル以上のものは粗大ごみです,ふ
燃やすごみ,フリーズパック、真空パック,,ふ
資源,プリント用紙,個人情報はできるだけ除去,ふ
燃やすごみ,プリペイドカード,,ふ
資源,プリンの容器（プラスチック製）,洗って、内容物が付着している場合は燃やすごみです,ふ
資源,古本,雑誌と一緒にお出しください,ふ
燃やすごみ,フロアマット（自動車用）（一辺30センチメートル未満）,,ふ
燃やすごみ,風呂の床マット,30センチメートル以上のものは粗大ごみへお出しください,ふ
燃やすごみ,フロッピーディスク,金属部分は極力はずして燃やさないごみへお出しください,ふ
燃やさないごみ,文鎮,,ふ
燃やすごみ,ヘアブラシ,,へ
燃やすごみ,ペーパータオル,特殊加工されているため,へ
燃やすごみ,ペットのトイレシート,汚物は取り除いて、シートは、燃やすごみへお出しください,へ
資源,ペットボトル（本体）,中をすすいでつぶして専用ネット袋へお出しください,へ
資源,ペットボトルのラベル,,へ
資源,ペットボトルのふた,,へ
燃やさないごみ,ヘッドフォンステレオ,,へ
燃やすごみ,ヘルメット（一辺30センチメートル未満）,,へ
燃やすごみ,ベルト（ズボン用）,安全で簡単に取りはずせる金属は取り除いて燃やさないごみへお出しください,へ
資源,弁当の容器（持ち帰り弁当）,洗って、内容物が付着している場合は燃やすごみです,へ
燃やさないごみ,弁当箱（金属製）,,へ
燃やすごみ,弁当箱（プラ製）,,へ
燃やさないごみ,望遠鏡（一辺30センチメートル未満）,,ほ
燃やすごみ,ほうき（一辺30センチメートル未満）,,ほ
資源,芳香剤の容器（プラ製）,洗って、内容物が付着している場合は燃やすごみです,ほ
燃やすごみ,芳香紙,臭いがついているため,ほ
燃やすごみ,帽子,きれいなものは、古着・古布リサイクル回収に出すこともできます,ほ
資源,包装紙,雑がみとしてお出しください,ほ
燃やすごみ,ホース,長いものは束ねるか裁断し、大きいものは粗大ごみへお出しください,ほ
燃やすごみ,ボールペン（金属製以外）,,ほ
燃やすごみ,包帯,,ほ
燃やさないごみ,包丁,ケース・新聞紙等に包んで「キケン」の表示をしてお出しください,ほ
燃やさないごみ,包丁研ぎ器,,ほ
燃やすごみ,防鳥用ネット,解けないよう束ねてお出しください大きいものは粗大ごみへお出しください,ほ
燃やすごみ,ボウル（台所用）（一辺30センチメートル未満（プラ製））,金属製は燃やさないごみへお出しください,ほ
資源,ポスター,雑がみとしてお出しください,ほ
燃やすごみ,ボタン（プラスチック製）,金属製は燃やさないごみへお出しください,ほ
燃やさないごみ,ホチキス,,ほ
燃やさないごみ,ホチキス針,,ほ
燃やさないごみ,ポット（魔法瓶）,一辺30センチメートル以上は粗大ごみです,ほ
燃やすごみ,哺乳びん（プラスチック製）,ガラス製は燃やさないごみへお出しください,ほ
燃やすごみ,ポリバケツ（一辺30センチメートル未満）,,ほ
燃やすごみ,ポリ袋（プラマークのないもの）,プラマークのあるレジ袋は容リプラ回収へお出しください,ほ
燃やすごみ,ボール各種（スポーツ用）,,ほ
燃やすごみ,保冷剤,,ほ
資源,本,雑誌と一緒にお出しください,ほ
燃やさないごみ,ボンベ（カセット）,必ず最後まで使い切ってからお出しください,ほ
燃やすごみ,麻雀パイ,,ま
燃やさないごみ,マイク,,ま
燃やすごみ,マーカーペン,,ま
資源,マーガリンの容器,洗って、内容物が付着している場合は燃やすごみです,ま
燃やさないごみ,マウス（パソコン）,,ま
燃やすごみ,マウスパッド,,ま
燃やさないごみ,マグネットシート,,ま
燃やすごみ,まくら（一辺30センチメートル未満）,,ま
資源,窓付き封筒,ビニールの窓をはがして、雑誌と一緒にお出しくださいはがしたビニールの窓は燃やすごみにお出しください,ま
燃やすごみ,まな板,,ま
燃やさないごみ,マニキュアびん,,ま
燃やさないごみ,豆電球,,ま
燃やすごみ,マヨネーズのチューブ容器,構造上汚れが取りにくいため、燃やすごみへお出しください,ま
資源,マルチパック(6缶入り),雑がみとしてお出しください,ま
資源,マンガ本,雑誌と一緒にお出しください,ま
燃やさないごみ,ミキサー,一辺30センチメートル以上のものは粗大ごみです,み
燃やすごみ,水切りかご（プラスチック製）,金属製のものは燃やさないごみへお出しください,み
燃やすごみ,水枕,,み
資源,味噌の容器（プラスチック製）,洗って、内容物が付着している場合は燃やすごみです,み
燃やすごみ,耳かき（竹製）,金属製のものは燃やさないごみへお出しください,み
資源,ミルク缶（容器・中ぶた）,軽くすすいで青色のコンテナへお出しください,み
資源,ミルク缶（ふた（プラスチック製））,プラマークのあるふたは容リプラ回収へお出しください,み
燃やすごみ,虫かご,,む
燃やさないごみ,虫めがね（ガラス製レンズ）,プラスチック製のものは燃やすごみへお出しください,む
燃やすごみ,麦わら帽子,,む
資源,名刺,個人情報はできるだけ除去,め
燃やすごみ,めがね（プラスチック製）,ガラス製は燃やさないごみへお出しください,め
資源,目薬の容器,,め
燃やさないごみ,目覚まし時計,,め
燃やさないごみ,メジャー（金属製）,プラスチック製は燃やすごみへお出しください,め
資源,メモ用紙,個人情報はできるだけ除去,め
資源,模造紙,雑がみとしてお出しください,も
資源,持ち帰り用弁当容器（プラスチック製）,洗って、内容物が付着している場合は燃やすごみです,も
燃やすごみ,モップ（一辺30センチメートル未満）,,も
燃やすごみ,ものさし（プラスチック製・木製）,,も
燃やさないごみ,ものさし（金属製）,,も
燃やさないごみ,やかん,,や
燃やすごみ,野球のグローブ,,や
燃やすごみ,野菜くず,,や
燃やさないごみ,USBメモリー,,ゆ
燃やすごみ,浴衣,きれいなものは、古着・古布リサイクル回収に出すこともできます,ゆ
燃やさないごみ,湯たんぽ（金属製）,プラスチック製は燃やすごみへお出しください,ゆ
燃やさないごみ,湯のみ茶わん,,ゆ
燃やすごみ,ヨーグルトの容器（紙製）,防水加工されているため,よ
資源,ヨーグルトの容器（プラスチック製）,洗って、内容物が付着している場合は燃やすごみです,よ
燃やさないごみ,ヨーグルト容器のアルミ製ふた,紙・プラスチック製のふたは燃やすごみへお出しください,よ
燃やすごみ,汚れた紙,リサイクル再生品の質を落とすため,よ
燃やさないごみ,ライター（中身のないもの）,必ず最後まで使い切ってください,ら
燃やすごみ,ラケット（テニス・バドミントン等）（一辺30センチメートル未満）,金属製は燃やさないごみへお出しください(※ガットは取り除いて燃やすごみへお出しください),ら
燃やすごみ,ラケットのガット,,ら
燃やさないごみ,ラジオ（一辺30センチメートル未満）,,ら
燃やさないごみ,ラジカセ（一辺30センチメートル未満）,,ら
資源,ラップの芯,雑がみとしてお出しください,ら
資源,ラップの箱,金属の刃の部分は取り除いて燃やさないごみへお出しください,ら
燃やすごみ,ラップ類,,ら
燃やすごみ,ラミネート加工紙,透明のフィルムが貼られているため,ら
燃やすごみ,ランドセル（一辺30センチメートル未満）,,ら
燃やすごみ,リコーダー（笛）,,り
燃やさないごみ,リモコン（テレビ用等）,,り
燃やすごみ,料理くず,水気を切り、新聞紙等に包んでお出しください,り
燃やさないごみ,リール（つり用）,,り
資源,リンスの容器,洗って、内容物が付着している場合は燃やすごみです,り
燃やすごみ,ルアー（つり用）（プラスチック製・木製）,金属製は燃やさないごみへお出しください,る
燃やすごみ,冷却まくら,,れ
燃やすごみ,冷凍食品の袋（プラ製）（内袋）,,れ
資源,冷凍食品の袋（プラ製）（外袋）,裏側が銀色の袋は燃やすごみへお出しください,れ
燃やすごみ,レコード盤,,れ
資源,レシート,感熱紙のものは燃やすごみです,れ
資源,レジ袋（色物含む）,,れ
燃やすごみ,レジャーシート,たたんでしばってお出しください,れ
資源,レトルト食品の容器（紙製）,雑がみとしてお出しください,れ
燃やすごみ,レトルト食品の容器（カレー等）,汚れが取れにくいので燃やすごみへお出しください,れ
燃やさないごみ,レンズ（ガラス製）,プラスチック製は燃やすごみへお出しください,れ
燃やすごみ,練炭,,れ
燃やすごみ,ローソク,,ろ
燃やすごみ,ロープ,30センチメートル以下に切るか、束ねるかして出してください,ろ
燃やすごみ,ローラースケート,金属部分は極力はずして燃やさないごみへお出しください,ろ
燃やすごみ,ろう紙,材質が紙でないため,ろ
燃やすごみ,ろう引きダンボール,資源になりません,ろ
燃やさないごみ,ワインオープナー,,わ
資源,ワイシャツの台紙,雑がみとしてお出しください,わ
燃やすごみ,輪ゴム,,わ
燃やすごみ,わさびのチューブ容器,構造上汚れが取れにくいので、燃やすごみへお出しください,わ
燃やすごみ,和紙,水に溶けにくいため,わ
燃やすごみ,わりばし,,わ
資源,わりばしの紙袋,雑がみとしてお出しください,わ
燃やさないごみ,割れたびん,新聞紙等に包んで「キケン」の表示をしてお出しください,わ
